courier_id,name,gender,birth_date,restaurant_id
1,Jared Bennett,male,2002-11-03,567335
2,Lee Davidson,male,1983-02-24,567335
3,Billy Morgan,male,2003-02-22,567335
4,Angelica Oliver,female,2000-10-10,531342
5,Jordan Morrow,male,1983-05-21,531342
6,Stacy Payne,male,2005-06-14,158203
7,Ashley Garcia,male,1999-11-15,187912
8,Thomas Mendoza,female,1982-08-07,187912
9,Daniel Watson,female,2001-06-04,187912
10,Meagan Avila,male,1989-02-26,543530
11,Heather Price,male,2001-08-29,543530
12,Heather Hamilton,male,1981-11-05,158204
13,Stephanie Moore,female,2003-11-17,158204
14,Kim Nelson,female,1994-07-01,158204
15,Anthony White,male,2000-07-30,158204
16,Savannah Anderson,male,1983-11-04,158204
17,Kristina Howard,female,1989-09-01,156588
18,Kristopher Hall,female,2005-10-03,156588
19,Mary Bailey,female,1998-09-19,156588
20,Bonnie Fox,male,1993-05-30,156588
21,Kelsey Anderson,female,1980-11-11,156588
22,Eric Jordan,male,1991-02-26,244866
23,Sarah Harrell,male,1989-09-25,244866
24,Alyssa Salazar,female,1991-01-19,244866
25,Thomas Perez,female,1996-09-08,244866
26,Mr. Brandon Baker,male,1985-01-10,156602
27,Reginald Martin,male,1989-10-23,156602
28,William Baker,female,1986-04-15,156602
29,Joshua Martinez,female,1990-01-15,156602
30,Jason Alvarado,male,1990-08-15,156602
31,Amber Lee,male,1980-02-15,158193
32,Timothy Gomez,male,1989-05-26,158193
33,Amy Williams,female,1996-09-26,158193
34,Juan Stokes,female,1987-08-08,158193
35,Amy Hubbard,male,1989-08-09,158193
36,Jessica Richardson,male,2006-07-16,407249
37,Gregory Zavala,female,1990-08-21,407249
38,Shawn Dunn,female,1995-11-06,407249
39,Timothy Johnson,female,2005-08-08,407249
40,Stephanie Olson,male,1982-01-11,407249
41,Tiffany Roy,female,2000-01-18,156590
42,Alexa Matthews,male,2005-12-26,156590
43,Matthew Navarro,male,1980-08-04,156590
44,Christopher Clark,female,1984-12-12,338749
45,Mrs. Monica Rivera,female,2000-11-28,338749
46,Carla Olson,male,1994-05-06,156601
47,Rachel Davidson,male,2004-05-29,156601
48,Lisa Rojas,female,2001-07-10,156601
49,Scott Weaver,female,1984-06-08,156601
50,Carrie Matthews,male,1994-03-19,156587
51,Jennifer Hernandez,male,1991-03-10,158192
52,Rachel Owen,male,1996-07-26,394554
53,Jennifer Cox,female,1994-10-08,394554
54,Susan Melton,female,1989-07-13,394554
55,Todd Jones,male,2001-06-29,394554
56,Jennifer Guzman,male,1998-03-21,158195
57,Derrick Scott,female,1983-03-24,257181
58,Ryan Long,female,1988-02-23,257181
59,Thomas Barrett,female,1986-01-19,257181
60,Jennifer Frank,male,1997-01-24,257181
61,Kevin Harper,female,1991-04-11,257181
62,Stefanie Hawkins,male,2003-12-18,530909
63,Mrs. Melissa Clark,male,2005-11-15,530909
64,Ernest Pierce,female,2005-08-07,530909
65,John Hernandez,female,1984-09-06,530909
66,Heather Trujillo,male,1983-12-13,573649
67,Katrina Schmidt,male,1980-03-08,573656
68,Joshua Brown,female,1987-09-18,573656
69,Robert Farley,female,1986-09-14,573656
70,Patrick Solis,male,1988-09-24,420675
71,Catherine Mitchell,male,1981-10-27,420675
72,Michelle Dunlap,male,1997-05-01,420675
73,Wesley Marshall,female,2000-11-28,420675
74,Mrs. Krystal Castaneda,female,1988-05-23,427610
75,George Moore,male,2003-06-28,427610
76,Deborah Wells,male,1995-10-28,427610
77,Christopher Obrien,female,1987-12-28,427610
78,Deborah Jones,female,1990-01-07,435582
79,Jill Jensen,female,1993-01-15,435582
80,Aaron Montoya,male,1990-03-13,435582
81,Karen Hammond,female,1981-06-08,382204
82,Jasmine Payne,male,1982-05-24,382204
83,Samuel Roach,male,1997-10-08,382204
84,Jennifer Walker,female,1980-06-12,460692
85,Peter Hull,female,1999-02-25,460692
86,Carolyn Howard,male,1987-09-19,460692
87,Kyle Morrison,male,1980-06-07,368328
88,Kristin Delacruz,female,1990-07-12,368328
89,Patricia Herrera,female,2000-09-27,368328
90,Robert Cherry,male,2004-03-07,530878
91,Edward Henderson,male,1988-06-22,530878
92,Cindy Knight,male,1987-05-09,530878
93,Jason Baker,female,2005-03-31,171675
94,Carlos Hall,female,1992-07-23,171675
95,Christie Howard,male,2000-11-12,171675
96,Melissa Davidson,male,1987-01-04,171675
97,Sheri Hall,female,1996-12-20,171675
98,Nicholas Jones,female,2002-11-24,475283
99,Tamara Morgan,female,1999-04-13,475283
100,Stephen Hale,male,1984-03-28,475283
101,Tara Nguyen,female,1999-06-28,475283
102,Darlene Cunningham,male,1991-11-04,475283
103,Adam Smith,male,1985-04-27,421155
104,Rebecca Powers,female,1983-07-10,545273
105,Anthony Robinson,female,1981-05-30,440811
106,Kimberly Lucas,male,2005-01-05,440811
107,Anna Gilmore,male,1995-05-31,440811
108,Anna Ashley,female,1998-12-25,440811
109,Michael West,female,1996-03-29,440811
110,Carolyn Hunter,male,1983-01-21,420586
111,Valerie Clarke,male,2004-03-29,420586
112,Sarah Dickerson,male,2001-01-15,420586
113,Elizabeth Crane,female,1983-08-27,448046
114,Randy Gilbert,female,1995-02-28,187921
115,Allison Garcia,male,1996-01-24,551512
116,Timothy Bowen,male,1990-11-30,551512
117,Stacy Hanson,female,1984-10-17,551512
118,Jeremy Leach,female,2005-09-18,351387
119,Christina Harmon,female,1994-03-21,432675
120,Evan Bowman,male,2003-12-27,432675
121,Susan Garza,female,1981-01-11,432675
122,Ann Martin,male,2003-07-17,302868
123,Andrea Brown,male,2004-11-05,302868
124,Eric Riley,female,1994-12-24,302868
125,Jessica Summers,female,1997-08-06,302868
126,Amanda Mcgrath,male,1999-08-03,567664
127,Jasmine Chandler,male,1982-06-24,567664
128,John Koch,female,1994-02-13,567664
129,Jessica West,female,1992-11-04,567664
130,John Rodriguez,male,1995-03-18,567664
131,Yvonne Delgado,male,2006-02-07,440878
132,Hayley Hood,male,1989-01-23,440878
133,Kimberly Wright,female,1981-01-08,161396
134,Sarah Green,female,1991-07-11,161396
135,Dana Murphy,male,1989-10-25,161396
136,Debra Harris,male,1999-05-28,161396
137,Lisa Wright,female,1988-09-14,161396
138,Anna Reyes,female,2001-08-03,382249
139,Danny Turner,female,1998-07-29,382249
140,Jeremy Stevenson,male,1988-09-26,382249
141,Tina Jackson,female,2003-01-30,382249
142,Kevin Carlson,male,1983-05-25,382249
143,Rachel Leach,male,2005-07-30,161408
144,Monique Mendoza,female,2005-03-25,161408
145,Gary Malone,female,1997-02-22,161408
146,Margaret Davis,male,1991-05-29,161408
147,Regina Adams,male,1984-03-11,432684
148,David Valdez,female,2000-05-28,432684
149,Tammy Torres,female,1991-11-13,432684
150,Mary Arias,male,1994-04-07,432684
151,Christine Tran,male,1980-08-13,432684
152,Gary Thomas,male,1988-10-21,459776
153,Michael Smith,female,2005-09-01,459776
154,Chad Vasquez,female,1989-12-22,459775
155,Laurie Martin,male,1994-05-14,459775
156,Kevin Lloyd,male,2003-01-04,459775
157,John Barber,female,1995-11-01,459775
158,Andrew Zavala,female,1989-07-07,420637
159,Catherine Chase,female,1984-11-01,420637
160,Terry Jones,male,2005-08-20,420479
161,Michael Ortiz,female,1988-10-18,420479
162,Elizabeth Lowe,male,2002-11-22,420479
163,Cameron Jenkins,male,1993-01-06,420479
164,Jerry Rodgers,female,1998-06-04,427606
165,Bruce Howell,female,1990-07-14,427606
166,Charles Butler,male,1987-04-14,427606
167,Jessica Dodson,male,1983-12-05,427606
168,Melinda Goodman,female,2004-03-08,531363
169,Toni Myers,female,1987-08-10,531363
170,David Adams,male,1981-03-20,531363
171,Angela Gomez,male,1996-11-12,156592
172,Sarah Wang,male,1991-02-24,373319
173,Mark Stevens,female,2002-07-25,373319
174,Danielle Shepard,female,1986-03-30,373319
175,Sandra Smith,male,1996-05-21,373319
176,Thomas Mcclure,male,1998-03-18,508318
177,Jamie Evans,female,1989-11-01,508318
178,Alexandria Edwards,female,1982-11-18,508318
179,Richard Ellis,female,2004-07-30,508318
180,William Reese,male,2003-01-08,407243
181,David Bates,female,2001-06-11,407243
182,Maria Hurst,male,2002-08-14,187915
183,John Craig,male,1985-09-05,461724
184,Rhonda Roberts,female,1986-12-03,461724
185,Joseph Cooley,female,1984-09-11,461724
186,Patricia Allen,male,1985-08-30,461724
187,Karina Collins,male,1999-10-22,461724
188,Cory Mercer,female,2001-09-08,156542
189,Robert Mueller,female,1998-07-17,156542
190,Erika Smith,male,2001-04-12,161405
191,Michael Arroyo,male,2004-02-19,161405
192,Michelle Jones,male,2006-03-25,462070
193,Sharon Scott,female,1999-01-03,462070
194,Megan Hansen,female,2004-02-25,462070
195,Stephanie Jefferson,male,1997-03-29,462070
196,Terry Gilbert,male,2005-02-01,462070
197,Jeffrey Miller,female,2002-01-05,224008
198,Rhonda Garrett,female,1985-12-23,224008
199,Stephen Kaufman,female,1987-03-03,165533
200,Robert Holland,male,1991-07-22,165533
201,Amy Robinson,female,1981-12-18,225827
202,Shawn Reynolds,male,1995-04-25,225827
203,Justin Dickerson,male,1986-10-04,242943
204,Brianna Foster,female,1988-03-08,242943
205,David Rice,female,1989-01-16,186286
206,Eugene Smith,male,1998-03-12,166613
207,Mr. Alan Chavez,male,1996-01-19,500628
208,Linda Smith,female,1998-01-26,500628
209,Marc Tate,female,1985-11-27,500628
210,Sarah Simmons,male,2004-10-16,186289
211,Daniel Love,male,2000-02-09,186289
212,Tamara Johnson,male,1994-04-02,186289
213,Anthony Dominguez,female,1985-01-07,165532
214,Lucas Brown,female,2003-05-05,165532
215,Daniel Daniels,male,1989-02-01,169281
216,Joel Lara,male,2006-03-23,408059
217,Christina Ball,female,1995-10-02,408059
218,Mercedes Graham,female,1995-12-28,408059
219,Christian Walsh,female,2005-03-28,408059
220,Julie Lin,male,1981-04-27,529171
221,Kyle Smith,female,2001-01-30,529171
222,Heather Pruitt,male,1981-01-13,529171
223,Terry Farmer,male,1992-01-23,529171
224,Stephanie Ford,female,2004-06-10,529171
225,Billy Robinson,male,1992-06-01,517814
226,Thomas Henderson,male,2002-05-22,517814
227,Michael Cannon,male,2003-03-21,517814
228,Diana Cook,female,1982-10-10,517814
229,David Castillo,female,1980-03-15,167432
230,David Watkins,male,1982-12-31,167432
231,Matthew Meyer,male,1995-04-26,166971
232,Deborah Smith,male,1998-09-14,166971
233,Kimberly Baker,female,1980-04-29,166971
234,Emily Finley,female,1998-04-03,516171
235,Michael Booker,male,1989-10-27,226299
236,Jeffrey Campos,male,1985-01-29,226299
237,Laura Garcia,female,2006-09-04,226299
238,Rhonda Freeman,female,1992-02-10,374706
239,Raymond Perez,female,2005-10-19,374706
240,Thomas Donovan,male,2002-10-09,374706
241,Michael Pennington,female,1984-12-05,374706
242,Jordan Gibson,male,1985-09-26,473193
243,Christine Walker,male,2003-07-04,167412
244,Amy Travis,female,1996-10-03,503717
245,Kendra King,female,1985-06-20,503717
246,Rodney Lee,male,1984-09-10,503717
247,Alison Scott,male,2006-01-11,165530
248,Mark Michael,female,1997-04-10,165530
249,Wendy Edwards,female,1989-05-28,165530
250,Leroy Lambert,male,2000-12-28,255925
251,Thomas Rivers,male,1992-06-06,225921
252,Amanda Silva,male,1981-05-25,225921
253,Dustin Webb,female,1997-01-29,225921
254,Melissa Cantrell,female,1985-11-13,549242
255,Miss Kim Russell PhD,male,2004-04-30,321587
256,Cheryl Walker,male,2000-04-26,439487
257,Adam Villarreal,female,1993-10-28,439487
258,Brooke Wallace,female,1987-08-21,439487
259,Kylie Jordan,female,2001-04-09,397980
260,Matthew Davis,male,1994-10-09,397980
261,Jeremy Smith,female,1996-06-03,397980
262,Andre Craig,male,2006-05-09,397980
263,Autumn Clark,male,1995-07-14,397980
264,Danielle Martinez,female,2005-10-26,304302
265,Paul Davidson,female,2003-01-06,304302
266,Robin Ballard,male,1988-09-25,304302
267,Ashley Gutierrez,male,1999-05-08,533186
268,Kenneth Brown,female,1988-08-20,478348
269,Kelsey Hicks,female,1981-08-15,478348
270,Mark Brown,male,1996-01-28,478348
271,Kelly White,male,2003-07-19,478348
272,Rebecca Page,male,1989-05-29,138890
273,Cole Simmons,female,1999-06-24,553999
274,James Schroeder,female,1997-08-28,410839
275,Kevin Robertson,male,2002-02-16,410839
276,Kevin Wu,male,2004-10-03,410839
277,Renee Freeman,female,1981-09-10,410839
278,Miss Tina Pollard,female,2001-08-10,410839
279,Daisy Smith,female,1995-06-09,137701
280,Kimberly Smith,male,2006-02-15,137701
281,Vickie Rodgers,female,1983-11-10,137701
282,Donna Myers,male,1997-08-01,137701
283,Michael Hernandez,male,1985-03-19,137701
284,Lacey Lynn,female,2000-03-12,575990
285,Melissa Coleman,female,1991-08-14,410838
286,Robert Foster,male,2004-11-08,410838
287,Timothy Mitchell,male,1994-07-16,410838
288,Anthony Simmons,female,1982-08-27,397258
289,Elizabeth Evans,female,1991-11-19,397258
290,Danielle Wheeler,male,1986-08-08,397258
291,Michelle Blair,male,1997-06-29,133352
292,Trevor Velazquez,male,1982-10-21,133352
293,Courtney Brown,female,2003-03-26,133352
294,Jason Gregory,female,1991-08-04,133352
295,Scott Andrews,male,2006-02-16,133352
296,Kelsey Sutton,male,2001-01-15,150497
297,Kenneth Barton,female,1992-07-18,383716
298,Mary Kelly,female,1994-12-28,113948
299,Jamie Daniels,female,2006-03-25,113948
300,Kayla Johnson,male,2000-11-21,431552
301,Anna Blackwell,female,2004-04-18,431552
302,Adam Caldwell,male,1999-01-31,431552
303,Whitney White,male,1984-12-10,431552
304,Rebecca Johnson,female,1994-04-15,412357
305,Wendy Booker,female,2002-09-17,412357
306,Tracy Kelley,male,1995-01-27,412357
307,Joseph Schultz,male,2000-10-16,412357
308,Diana Serrano,female,1988-12-21,412357
309,Molly Aguirre,female,1983-02-03,102037
310,Shirley Gray,male,1997-08-03,102037
311,Beverly Gaines,male,1993-04-24,102037
312,Christopher Ford,male,1980-02-05,102037
313,Larry Nelson,female,2000-03-28,102037
314,Nicole Johnson,female,2005-05-06,578207
315,Tommy Kerr,male,1984-11-25,578207
316,Barbara Richard,male,1989-02-22,578207
317,Sean Scott,female,1997-07-02,578207
318,Marie Evans,female,2003-10-29,565260
319,Desiree Edwards,female,1995-09-17,101351
320,Kristin Munoz,male,1990-04-19,101351
321,Edward Marshall,female,1984-04-16,101351
322,Leslie White,male,1996-05-09,101351
323,Tara Wells,male,1989-02-08,101351
324,Brenda Smith,female,1998-04-05,480203
325,Mark Black,female,2006-08-02,480203
326,Andrew Smith,male,2004-09-08,102842
327,Mark Smith,male,1985-08-30,102842
328,Brianna Bennett,female,2000-08-02,138891
329,Meagan Torres,female,2001-07-16,138891
330,Donna Larsen,male,1999-02-07,138891
331,Ann Franco,male,1981-01-08,138891
332,Scott Taylor,male,1986-04-22,143143
333,David Wallace,female,1999-02-26,143143
334,Allen Blair,female,1983-11-02,558957
335,Katelyn Mcbride,male,1980-02-18,558957
336,Samantha Clark,male,1994-12-13,489011
337,Joseph Turner,female,1992-10-09,489011
338,Andrea Davis,female,1992-02-29,428013
339,Alexandra Butler,female,1989-11-18,116273
340,Tammy French,male,1981-09-24,116273
341,Christina Vargas,female,1999-04-01,116273
342,Arthur Patel,male,1990-11-30,116273
343,Jeffrey Jenkins,male,1987-10-11,478936
344,Adrian Rivera,female,2000-02-10,478936
345,Chad Rangel,female,1996-11-25,477627
346,Angela Case,male,1993-10-13,477627
347,Joseph Williams,male,1982-05-05,477627
348,Michael Little,female,1993-02-22,477627
349,Jenna Brown PhD,female,1990-07-25,477627
350,Michelle Miller,male,1998-05-05,437616
351,Melissa Roman,male,2001-08-17,437616
352,Emily Hunt,male,1984-04-25,437616
353,Jessica Brewer,female,1991-08-25,437616
354,Erika Jones,female,1989-06-13,550910
355,Scott Stevens,male,1989-04-27,342366
356,Susan Payne,male,1984-03-10,342366
357,Sherri Bradley,female,1981-08-20,342366
358,Jonathan Blackwell,female,1982-06-03,342366
359,Theresa Jenkins,female,1985-11-30,557008
360,John Davis,male,1994-10-27,557008
361,Marie Brown,female,1983-08-23,557008
362,Michele Brown,male,1981-06-16,557008
363,Jose Williams,male,1990-04-29,97199
364,Sandra Ramirez,female,1993-02-27,97199
365,Cynthia Walsh,female,1982-09-21,134569
366,James Manning,male,1998-02-17,134569
367,Kenneth Ramirez,male,2000-01-26,134569
368,Kenneth Carpenter,female,1993-07-26,134569
369,Linda Lewis,female,1993-06-21,134569
370,Carol Vaughan,male,2000-12-10,183009
371,Amber Kerr,male,1987-06-21,174586
372,Brenda Spence,male,1996-10-06,174586
373,Brenda Brown,female,1996-09-13,174586
374,Ethan Robinson,female,1988-07-29,174586
375,Michael Welch,male,1997-09-15,174586
376,Natasha Osborn,male,1991-05-21,494588
377,Timothy Reynolds,female,2003-09-11,494588
378,Bonnie Lopez,female,2002-07-09,102042
379,Michael Gutierrez,female,2006-10-06,102042
380,Christine Rivera,male,2000-06-21,102042
381,William Wiley,female,1981-03-20,102042
382,David Henderson,male,1984-01-12,102042
383,Mary Clark,male,2002-05-09,431339
384,Richard Nicholson,female,2005-04-14,109550
385,Thomas Carter,female,2003-11-26,109550
386,Laurie Doyle,male,1983-02-20,109550
387,Scott Lucas,male,1991-03-26,109550
388,Amanda Garcia,female,2000-08-10,109550
389,Angela Prince,female,1993-11-13,477628
390,Gary Morales,male,2004-01-20,477628
391,Kyle Hughes,male,2002-09-10,129550
392,John Singh,male,1991-09-17,129550
393,Nicole Gibson,female,1982-08-22,129550
394,Cory Lawson,female,1986-12-01,387674
395,Raymond Lowery,male,2006-08-30,387674
396,Rachel Hunter,male,1998-12-16,387674
397,Natalie Baker,female,1982-03-25,183165
398,Sheila Rogers,female,1981-01-14,183165
399,Katherine Leach,female,2003-11-25,183165
400,William Gardner,male,1987-03-15,183165
401,Angela Wise,female,1984-11-21,183165
402,Gary Macdonald,male,1998-10-23,310273
403,Cheryl Barajas,male,2005-11-13,293915
404,Stacy Edwards,female,1990-05-02,293915
405,Samuel Schwartz,female,1981-05-05,293915
406,Joshua Miller,male,2004-03-16,131676
407,Tammy Bryan,male,1997-04-06,131676
408,Carla Morris,female,1981-12-18,109258
409,Amy Bailey,female,2001-12-16,109258
410,Juan Morgan,male,1981-09-25,109258
411,Lori King,male,2004-12-16,109258
412,Jared Thomas,male,1997-05-04,483552
413,Felicia Martinez,female,1984-12-27,483552
414,Kristen Rowland,female,1996-01-22,483552
415,George Wilkins,male,1990-02-15,483552
416,Adam Campbell,male,1995-04-23,517939
417,Jason Robles,female,1985-04-08,517939
418,Susan Pitts,female,1980-09-11,517939
419,Kirsten Moore,female,1982-01-29,154840
420,Melanie Moore,male,2001-01-06,154840
421,Dennis Mack,female,1987-03-07,154840
422,Gail Benitez,male,1997-04-19,494001
423,Michael Cole,male,1987-05-08,489362
424,Kristen Carroll,female,2006-03-08,510109
425,Jonathan Madden,female,1991-06-08,510109
426,Kevin Hill,male,1990-03-26,249335
427,Ms. Melissa Ferguson,male,1984-11-02,249335
428,Jodi Fry,female,1996-07-05,249335
429,Rachel Montgomery,female,2000-02-29,174458
430,Carrie Pena,male,2000-09-11,174458
431,Bruce Mercer,male,2000-08-04,174458
432,Bryan Young,male,1993-03-02,129691
433,Jessica Hardin,female,1986-11-25,129691
434,Phillip Rivera,female,1993-01-12,129691
435,Samuel Malone,male,1982-05-16,139864
436,Emily Lopez,male,1989-05-28,139864
437,Eric Huerta,female,1984-03-23,486482
438,Jamie Calderon,female,1986-07-13,486482
439,Brett Welch,female,1995-09-14,486482
440,Eric Chandler,male,2001-12-02,486482
441,Kristin Cooper,female,1995-03-27,486482
442,Elizabeth Barrera,male,1990-01-20,109839
443,Kevin Pierce,male,1991-07-25,109839
444,Mckenzie Jackson,female,1992-09-10,109839
445,Charles Vincent,female,2002-05-22,109839
446,Kayla Moore,male,1979-11-11,102219
447,Kerry Bell,male,1986-03-07,102219
448,Olivia Walton,female,2003-12-21,102219
449,Daniel Jacobs,female,1987-11-06,102219
450,Timothy Santos,male,1981-07-25,364571
451,Janice Murphy,male,2002-03-24,364571
452,Madison Newman,male,1994-03-26,364571
453,Nicholas David,female,1999-03-13,364571
454,Cheryl Morris,female,1989-07-07,364571
455,Daniel Klein,male,1991-09-07,413342
456,Daniel Thomas,male,1999-12-01,413342
457,Heather Blackwell,female,1980-11-02,413342
458,Craig Griffin,female,1984-02-16,387177
459,Linda Hall,female,1999-05-12,387177
460,Joan Carter,male,2004-08-17,387177
461,Misty Shepherd,female,1980-12-09,387177
462,Megan Stephenson,male,2001-02-09,387177
463,Susan Cain,male,1979-12-22,141706
464,Ronald Coleman,female,2002-04-05,141706
465,Michael Johnson,female,1985-12-13,141706
466,Michael Sanchez,male,1997-05-24,141706
467,Corey Christensen,male,1985-02-19,141706
468,Brian Hernandez,female,1993-10-26,501701
469,Denise Scott,female,1983-12-12,501701
470,John Wiley,male,2004-03-30,501701
471,Mr. Cody Morrow,male,2001-08-31,456922
472,Katrina Gutierrez,male,1984-12-08,102582
473,Mark Ward,female,1982-11-21,102582
474,Andrew Avila,female,2002-06-26,405031
475,Casey Larson,male,1988-07-10,405031
476,Laura Davis,male,1988-01-24,263185
477,Janice Shelton,female,1994-08-21,263185
478,Alan Lee,female,2004-05-07,263185
479,Latoya Burke,female,1985-07-16,263185
480,Mr. Juan Garza,male,2001-03-27,109549
481,Jack Moss,female,1982-08-27,487422
482,Danielle Cole,male,1994-01-03,487422
483,Douglas Flowers,male,1994-09-23,163436
484,Erica Lewis,female,1982-03-17,163436
485,Charles Diaz,female,1993-03-25,163436
486,Janice Bennett,male,1988-06-25,163436
487,Ashley Rodriguez,male,1992-05-25,282630
488,Troy Powell,female,1982-04-30,282630
489,Bryan Beltran,female,2005-05-07,282630
490,Douglas Barry,male,2003-03-29,282630
491,Jennifer Lane,male,1999-06-08,282630
492,Gabrielle Ashley,male,2005-11-18,255651
493,Dana Wilson,female,1995-06-16,255651
494,Barbara Griffin,female,2004-05-12,549624
495,Nicolas Gutierrez,male,1981-11-09,549624
496,Veronica Richards,male,1995-11-02,549624
497,Kimberly Sullivan,female,2002-11-17,549624
498,Brooke Jones,female,1986-08-20,549624
499,Samuel Reeves,female,1999-07-12,413451
500,Joseph Pitts,male,1999-06-17,413451
501,Sheila Diaz,female,2002-08-21,413451
502,Alicia Franklin,male,1983-01-19,413451
503,Caitlin Lee,male,1980-05-26,413451
504,Kathleen Robinson,female,2004-01-02,523044
505,Tamara Jackson,female,2001-06-11,523044
506,Donald Blair,male,1985-11-13,523044
507,Kimberly Johnson,male,2003-06-11,523044
508,Katherine Green,female,2001-01-18,523044
509,Shelly Elliott,female,1989-11-20,102038
510,Dominique Stone,male,1997-09-19,102038
511,Michael Vega,male,1981-04-22,102038
512,Miss Megan Thompson,male,1998-12-08,102038
513,Matthew Schmidt,female,1992-05-08,403754
514,Virginia Owens,female,1997-07-25,545808
515,Samantha Smith,male,1999-09-21,545808
516,Felicia Robinson,male,1981-07-19,545808
517,Sean Meyer,female,2004-11-21,545808
518,Jacqueline Webster,female,1988-02-18,545808
519,Jonathan Christensen,female,1992-02-04,439417
520,Jesse Thompson,male,1980-12-24,439417
521,Brandy Simmons,female,1990-08-27,390478
522,Amber Phillips,male,1980-04-24,390478
523,Melissa Wall,male,1996-02-24,390478
524,Chloe Myers,female,2002-11-13,390478
525,Daniel Hubbard,female,1989-08-15,103649
526,Ariana Carpenter,male,1991-12-28,103649
527,Christopher Simmons,male,1982-04-06,103649
528,Rachel Johnson,female,1995-08-31,103649
529,Dawn Lopez,female,1985-07-24,103649
530,Jennifer Murray,male,1996-01-03,430451
531,Kevin Mitchell,male,2005-07-15,430451
532,David Norris,male,2005-06-11,518548
533,Andrea Fox,female,1990-02-19,518548
534,Jennifer Hunt,female,2002-03-11,518548
535,Maria Williams,male,1999-11-30,518548
536,Kerry Perez,male,1989-12-11,518548
537,Mary Green,female,1980-07-10,518819
538,Douglas Shaw,female,1992-09-06,518819
539,Tommy Williams,female,1988-07-24,518819
540,Madison Hart,male,1996-06-20,518819
541,Jeff Anderson,female,1992-08-10,447526
542,Jessica Holt,male,1986-06-16,102579
543,Johnny Brown,male,1994-11-17,102579
544,David Wilson,female,1994-06-04,102579
545,Renee Morris,female,2001-10-23,102579
546,Ryan Shea,male,1990-01-21,102579
547,Danielle Perez,male,1985-10-30,126128
548,Lori Brooks,female,1983-01-29,126128
549,Sara Ramsey,female,1990-08-15,126128
550,Jesse Escobar,male,2003-03-11,126128
551,Joyce Mays,male,2006-01-11,518803
552,Mrs. Maria Ramos,male,1980-07-26,518803
553,Richard Guerrero,female,1986-01-01,518803
554,Alice Johnson,female,1990-05-06,377434
555,Connie Wolfe,male,1999-09-22,377434
556,Brian Quinn,male,2002-03-15,377434
557,Ann Palmer,female,2000-04-29,442180
558,Elizabeth Lynch,female,2006-06-26,442180
559,Zachary Collins,female,1982-04-18,442180
560,Adam Daniels,male,1984-10-10,129551
561,Bill Wong,female,1984-07-04,577891
562,Julie Long,male,2005-01-27,462172
563,David Larson,male,1997-05-09,462172
564,Brittany Woods,female,1982-07-13,104481
565,Amy Ramos,female,1983-06-20,104481
566,Julian Gibson,male,1981-11-02,536499
567,Amy Cervantes,male,1985-10-28,532670
568,Joseph Howard,female,2001-02-22,532670
569,Angela Perez,female,2003-06-28,532670
570,Kelly Harrison,male,1986-09-05,113036
571,Daniel Wallace,male,1987-07-30,113036
572,Brittany Alvarado,male,1990-11-12,113036
573,Michael Reyes,female,2003-01-19,536328
574,April Sullivan,female,1980-09-14,536328
575,Jennifer Ray,male,1983-04-21,536328
576,Melissa Murray,male,1981-05-04,109548
577,Peggy Oconnor,female,1996-12-29,109548
578,Jason Daniel,female,1980-07-01,109548
579,Martin Bass,female,2004-12-13,109548
580,Nancy Woodward,male,1994-09-15,109548
581,Patricia Clark,female,1989-05-28,364627
582,Samantha Richardson,male,1998-11-24,364627
583,Elizabeth Turner,male,1985-07-20,364627
584,Paul Peterson,female,2004-04-27,364627
585,Maria Hernandez,female,1983-07-21,104147
586,Andrew Garcia,male,1992-10-03,104147
587,Rebecca Herring,male,1988-11-01,553404
588,William Rivera,female,1988-04-22,553404
589,Matthew Barnett,female,2004-12-18,271964
590,Brianna Smith,male,1997-12-19,102041
591,Sarah Anderson,male,2003-07-09,497063
592,Chase Foley,male,1983-07-16,497063
593,William Shepherd,female,1997-10-22,497063
594,Andrew Davis,female,1984-01-24,497063
595,Aaron Evans,male,1996-12-20,378028
596,Chelsea Li,male,2000-07-06,549633
597,Diane Heath,female,1985-12-16,549633
598,Stephanie Ritter,female,1994-01-21,143194
599,Annette Ball,female,2004-12-31,143194
600,Cindy Maldonado,male,1990-10-28,327008
601,Rebecca Hendricks,female,1988-09-10,497638
602,Ernest Massey,male,1999-07-01,497638
603,Mary Howard,male,1991-12-02,497638
604,Kelly Martinez,female,1987-09-21,580202
605,Matthew Carney,female,1992-09-22,580202
606,Kelly Maldonado,male,1996-03-03,580202
607,Carrie Glenn,male,2001-04-28,580202
608,Mary Hartman,female,1999-12-29,580202
609,Randy Elliott,female,1996-12-08,377292
610,Frank Woods,male,1988-10-07,377292
611,Todd Taylor,male,1985-01-18,377292
612,Anna Randolph,male,2005-08-31,377292
613,Heather Johnson,female,1985-11-18,102571
614,Ryan Douglas,female,2001-02-20,102571
615,Miss Heather Velasquez,male,1980-06-17,102571
616,Brittany Clarke,male,1994-09-14,102571
617,Mr. Joshua Brown,female,2003-07-09,102571
618,Erica Glover,female,1980-05-31,476303
619,Laura Russo,female,1995-11-01,476303
620,Lynn Harris,male,1985-12-21,476303
621,Alicia Curry,female,2003-05-05,476303
622,Brandon Stewart,male,1989-06-16,451742
623,Frank Gordon,male,1991-07-11,451742
624,Sara Bennett,female,1993-11-11,451742
625,Candace Peterson,female,2001-05-17,451743
626,Heather Myers,male,1984-04-17,451743
627,Christopher Smith,male,1989-07-29,116272
628,Donald Pratt,female,1984-12-11,116272
629,Michael James,female,1993-10-11,116272
630,Kenneth Shaw,male,1994-06-06,116272
631,Andrew Sherman,male,1983-08-14,102581
632,Evelyn Ruiz,male,2006-07-09,102581
633,Jennifer Mccullough,female,1981-01-08,508701
634,John Patel,female,1982-11-19,508701
635,Amanda Lawson,male,1989-04-01,508701
636,Sara Cantrell,male,1993-05-31,508701
637,Fred Adkins,female,1984-12-19,508701
638,Angela Washington,female,1984-07-25,549383
639,Brooke Ponce,female,1983-02-20,549383
640,John Mcintyre,male,2004-10-07,549383
641,Matthew Rodriguez,female,1980-01-07,549383
642,Dustin Thomas,male,2005-02-28,549383
643,Nichole Owens,male,1991-01-10,440950
644,Laurie Hill,female,1984-09-26,440950
645,Aimee Harris,female,2001-08-06,440950
646,Aaron Fowler,male,2003-12-11,440950
647,Joseph Huffman,male,1985-05-28,440950
648,Anthony Bell,female,1992-07-27,355561
649,Kendra Castro,female,2001-09-08,355561
650,Jessica Curry,male,1985-09-15,355561
651,Ronald Boyd,male,1983-12-19,355561
652,Diane Jones,male,1990-03-23,355561
653,Susan Dougherty,female,1998-08-01,462505
654,Tanner Stone,female,2000-08-13,462505
655,Jessica Guzman,male,1996-08-18,462505
656,Eric Lawrence,male,2004-02-27,462505
657,Ashley Hale,female,1989-09-04,462505
658,Eileen Ramos,female,1996-09-18,186264
659,Kayla Thomas,female,1984-06-19,186264
660,Joshua Rowland,male,1983-09-13,186264
661,Nicholas Rodriguez,female,1990-11-11,186264
662,Frank Price,male,2006-05-15,186264
663,Joseph Sloan,male,1980-09-06,211142
664,Ellen Hess,female,2004-08-05,211142
665,Michelle Morales,female,1999-02-10,211142
666,Jeffery Hill,male,1989-07-05,489422
667,Debra Phillips,male,1984-09-23,489422
668,Cynthia Petersen,female,1994-02-22,489422
669,Leslie Lawson,female,2006-05-14,489422
670,Timothy Flynn,male,1985-02-27,401391
671,Samantha Bush,male,1996-12-06,401391
672,Angela Chen,male,1988-09-15,401391
673,Anthony Irwin,female,2001-01-24,354669
674,Kevin Cortez,female,1987-02-24,354669
675,Christina Mcfarland,male,1984-01-27,354669
676,Andrea Young,male,1982-11-21,519622
677,Benjamin Cohen,female,2005-12-28,519622
678,Brenda Banks,female,1994-06-20,519622
679,Deborah Burton,female,1981-06-30,519622
680,Christopher Todd,male,1985-06-05,153339
681,Jennifer Perez,female,1996-03-14,443028
682,Heather Thomas,male,1997-06-23,443028
683,Diana Tucker,male,1984-05-08,443028
684,Melinda Baker,female,2001-02-14,443028
685,Charles Davis,female,1988-11-21,443028
686,Gabriel Caldwell,male,1986-12-13,226773
687,Ashlee Morton,male,1991-06-28,226773
688,Douglas Brown,female,2001-08-29,226773
689,Justin Schroeder,female,1988-09-06,226773
690,Travis Patton,male,1996-06-17,226773
691,Amanda Reynolds,male,1986-12-29,385197
692,Christina Lynch,male,2005-06-13,431115
693,Katie Quinn,female,1999-11-12,431115
694,Hannah Sullivan,female,1999-12-02,431115
695,Becky Pugh,male,1992-08-26,431115
696,Derrick Mitchell,male,1984-04-13,508583
697,Michael Parker,female,1999-04-24,132538
698,Nathaniel Lowe,female,2006-04-10,132538
699,Caitlin Pennington,female,2002-10-26,132538
700,Maureen Scott,male,2002-05-03,132538
701,Jade Hoover,female,2001-03-08,132538
702,Ashley Ponce,male,2005-06-06,394140
703,Sean Haynes,male,1980-07-16,394140
704,Charles Padilla,female,1988-01-07,124500
705,Michael Stevenson,female,1988-10-10,124500
706,Walter James,male,1988-06-22,124500
707,Lindsay Davis,male,1999-11-25,124500
708,Brittany Bowman,female,1996-10-15,124500
709,Patrick Wallace,female,1996-12-12,370259
710,Audrey Jimenez,male,2004-07-29,370259
711,Jennifer Morris,male,2001-03-10,370259
712,Elizabeth Wright,male,1993-01-11,370259
713,Dustin Cook,female,1988-07-24,370259
714,Sarah Wu,female,1995-11-08,533855
715,Lee Leon,male,1985-06-12,533855
716,Dylan Harris,male,1984-03-06,533855
717,William Bright,female,1986-03-07,125180
718,Felicia Robbins DVM,female,2003-05-28,263297
719,Terri Mosley,female,1985-10-16,263297
720,Mary Salas PhD,male,1986-01-31,410629
721,Jennifer Cruz,female,1982-11-13,410629
722,Joseph Castro,male,1993-04-13,461084
723,Victoria Shea,male,2006-06-20,461084
724,Brian Silva,female,1989-02-27,461084
725,Stephanie Ramirez,female,1993-07-25,461084
726,Jeffery Knight,male,1984-02-23,499377
727,Christopher Savage,male,2004-10-01,499377
728,Dennis Estrada,female,1989-10-12,499377
729,Megan Elliott,female,1992-10-28,499377
730,Andrew Hall,male,1983-10-17,390901
731,Anthony Simpson,male,1980-03-02,127306
732,Brandon Foster,male,2004-09-11,127306
733,Charles Graham,female,1986-10-03,111386
734,Kimberly Goodman,female,1990-02-19,111386
735,David Miller,male,1999-09-12,111386
736,Sara Morgan,male,1992-06-09,308169
737,Amanda Roy,female,1990-08-03,537808
738,Tiffany Nunez,female,1995-02-09,433648
739,Alicia Williams,female,2003-04-16,433648
740,Rebecca Benitez,male,1980-05-31,433648
741,Alan Rich,female,1995-09-27,115931
742,Philip Rice,male,1998-06-29,115931
743,Michelle Clark,male,1981-09-13,579047
744,Julie Thomas,female,2001-11-18,579047
745,Alexander Ward,female,1999-04-04,579047
746,James Navarro,male,1999-04-20,579047
747,Christopher Hawkins,male,2000-06-29,174464
748,Sabrina Brown,female,1980-01-20,163435
749,Patrick Monroe,female,2005-01-24,163435
750,Crystal Young,male,1985-04-16,163435
751,Nicholas Gonzalez,male,1994-03-17,163435
752,Joann Bennett,male,2001-03-18,417015
753,Amy Curry,female,2005-02-26,417015
754,Aaron Mahoney DVM,female,1991-07-25,417015
755,Jason Jackson,male,1986-11-07,376602
756,John Watkins,male,1995-07-08,376602
757,Mark Osborne,female,1998-02-09,376602
758,Angel Franklin,female,1992-10-10,546139
759,Frederick Walton,female,1981-06-14,546139
760,Shirley Stewart,male,2005-10-19,546139
761,Patrick Ramirez,female,1999-03-24,546139
762,James Jensen,male,1987-05-25,546139
763,Bruce Tyler,male,1997-04-28,102578
764,Amanda Moore,female,1980-02-09,503432
765,Christopher Moore,female,1997-06-05,503432
766,Bryan Roman,male,1982-06-04,503432
767,Pamela Bright,male,2006-04-12,503432
768,Patrick Benson,female,1993-04-03,514288
769,Betty Stephens,female,1982-12-03,552372
770,Keith Anderson,male,1986-04-26,552372
771,Melody Robinson,male,1999-08-08,385938
772,Brandi Brown,male,1992-11-17,385938
773,Anna Mitchell,female,1987-01-21,385938
774,Jose Curry,female,1984-10-29,385938
775,Ryan Brown,male,1990-07-04,164297
776,Ashlee Collier,male,2003-05-06,164297
777,Donna York,female,1986-03-07,164297
778,Melissa Johnson,female,1982-11-09,579040
779,Charles Hodges,female,2000-05-30,579040
780,Justin Patel,male,1984-03-13,579040
781,Jeremiah Simmons,female,2002-08-19,579040
782,Donna Campbell,male,1986-11-17,579040
783,John White,male,1994-03-19,539663
784,Tammy Williams,female,1987-11-16,539663
785,Garrett Collins,female,1999-05-29,539663
786,Cynthia Rodriguez,male,1987-03-01,539663
787,Isaac Russo,male,1980-03-29,539663
788,Linda Reed,female,1982-12-18,120193
789,Amber Fry,female,1991-08-23,120193
790,Todd Barton,male,2003-09-27,120193
791,Samuel Garcia,male,1990-12-07,120193
792,Lauren Warren,male,2005-03-12,102631
793,Chloe Guzman,female,1997-12-22,102631
794,Sharon Gutierrez,female,1989-06-05,102631
795,Yolanda Jones,male,1982-01-01,189441
796,Tyler Saunders,male,1990-02-11,102039
797,Erika Nichols,female,2006-05-01,102039
798,Kara Sutton,female,1980-07-21,127463
799,Christine Cooper,female,2001-09-05,109387
800,Robert Romero PhD,male,2003-08-23,109387
801,Janice Glenn,female,1982-09-03,109387
802,Stephanie Mcdonald,male,1994-05-06,109387
803,Patrick Miller,male,1981-01-01,109387
804,Melinda Dunn,female,2006-05-08,306094
805,Angela Palmer,female,2005-12-22,306094
806,Blake Chapman,male,1992-10-20,306094
807,Danielle Yu,male,2006-08-26,102577
808,Jennifer Wilkinson,female,1993-03-07,242722
809,Peter Harvey,female,2000-12-29,242722
810,David Jones,male,2004-04-17,242722
811,Crystal Foley,male,1993-09-18,242722
812,Sheila Adams,male,1991-01-24,242722
813,William Bender,female,1998-02-28,528374
814,Brett Garcia,female,1990-10-14,528374
815,Laurie Pearson,male,1983-09-22,528374
816,Tyrone Mitchell,male,1983-04-17,528374
817,Mark Miller,female,1992-11-21,528374
818,Jesse Davis,female,1990-08-18,355563
819,Ashley Bernard,female,1985-12-15,355563
820,Anthony Young,male,1995-04-20,355563
821,Joseph Martinez,female,2002-04-28,355563
822,Charles Wong,male,1982-04-20,417020
823,Donna Fields,male,1983-10-31,417020
824,Antonio Robertson,female,1985-05-26,417020
825,Jason Smith,female,1985-05-12,385636
826,Phillip Mccormick,male,1985-08-23,385636
827,Ronald Bailey,male,1987-12-18,385636
828,Tammy Ritter,female,1998-07-29,385636
829,Kaitlyn Mcdonald,female,1985-03-08,385636
830,Amanda Adams,male,2004-07-25,546127
831,Tony Peters,male,1983-03-06,546127
832,Stephanie Lewis,male,2005-02-16,195788
833,Lorraine Tucker,female,2005-05-26,195788
834,Bruce Valencia,female,1991-11-01,195788
835,Aaron Griffin,male,1980-11-06,195788
836,Victoria Taylor,male,1990-06-07,195788
837,Tracy Harris,female,2005-08-09,102040
838,Tamara Smith,female,2000-02-15,414252
839,Devon Perez,female,1999-05-19,414252
840,John Aguilar,male,1984-07-30,414252
841,Ricky Robinson,female,2005-11-28,414252
842,Adam Clark,male,1982-11-23,484449
843,Michael Jenkins,male,1993-06-19,484449
844,Keith Thomas,female,1999-03-05,530955
845,Brittany Johnson,female,1991-12-06,530955
846,Aaron Harris,male,1997-07-01,530955
847,Paula Gomez,male,1993-05-15,530955
848,Jacob Becker,female,1999-04-01,530955
849,Patrick Morgan,female,1997-06-18,554195
850,Stanley Holt,male,1998-08-25,554195
